{"mse": 78.23731102669915, "mae": 5.378411051508895, "maes": {"Alfredo Sauce": 2.5831708827534237, "Anchovies": 3.051865158854304, "Artichoke": 9.270126020586169, "Arugula": 2.4717247679426864, "Asiago Cheese": 5.946343673242105, "Bacon": 4.1056367126671045, "Barbecue Sauce": 4.037601838240752, "Barbecued Chicken": 4.089064907383275, "Beef Chuck Roast": 3.89998426308503, "Blue Cheese": 4.025080651850314, "Brie Carre Cheese": 0.8947194963693619, "Calabrese Salami": 4.093503496131381, "Capocollo": 7.3728815284935205, "Caramelized Onions": 0.9192823421310734, "Chicken": 8.952528128752837, "Chipotle Sauce": 5.098797179557182, "Chorizo Sausage": 1.3825589692270435, "Cilantro": 5.18984690228024, "Coarse Sicilian Salami": 3.763265120016562, "Corn": 5.208744397034517, "Eggplant": 2.082178681283384, "Feta Cheese": 7.719484754510828, "Fontina Cheese": 4.601941321347211, "Friggitello Peppers": 2.927517533302307, "Garlic": 21.505062928070892, "Genoa Salami": 2.9996780962557406, "Goat Cheese": 5.625176880810712, "Gorgonzola Piccante Cheese": 5.439124017148404, "Gouda Cheese": 3.57921200507396, "Green Olives": 7.369186246717298, "Green Peppers": 6.485495876621556, "Italian Sausage": 1.3192825897319898, "Jalapeno Peppers": 7.116379080591975, "Kalamata Olives": 5.7057483196258545, "Luganega Sausage": 3.6637102784337223, "Mozzarella Cheese": 12.012045808740565, "Mushrooms": 9.524999038593188, "Nduja Salami": 2.842058151154905, "Onions": 3.6991554820859753, "Oregano": 3.7330110105308325, "Pancetta": 2.8943376299497245, "Parmigiano Reggiano Cheese": 5.439054611566904, "Pears": 0.901711629049198, "Peperoncini verdi": 4.388344213769242, "Pepperoni": 8.656899039809769, "Pesto Sauce": 3.9086400173805855, "Pineapple": 7.198514384192389, "Plum Tomatoes": 3.088423756328789, "Prosciutto": 0.9198404051162101, "Prosciutto di San Daniele": 2.4343794970899015, "Provolone Cheese": 4.196426578470178, "Red Onions": 16.329535819388724, "Red Peppers": 13.179385984266126, "Ricotta Cheese": 5.424522051940093, "Romano Cheese": 4.040551153389183, "Sliced Ham": 4.441578323776658, "Smoked Gouda Cheese": 4.134274705036266, "Soppressata Salami": 3.0349711034749007, "Spinach": 10.621351474040264, "Sun-dried Tomatoes": 3.899110146470972, "Thai Sweet Chilli Sauce": 4.354045568285762, "Thyme": 0.8884651282349149, "Tomatoes": 19.57337477400496, "Zucchini": 3.963394764307383}, "previous_days": 2, "previous_weeks": 4, "alpha": 0.5}